"","baseMean","log2FoldChange","lfcSE","stat","pvalue","padj"
"Pi15",24.9967834392227,2.83818544398249,0.452720401855483,6.26917945899971,3.62955630235261e-10,3.78385524657408e-09
"Ptp4a1",95.3873109406088,2.06354282165833,0.204294762598592,10.1008111779785,5.47871088938239e-24,2.11043763039586e-22
"Cfc1",13.3301407677641,3.05611896250095,0.789074912492622,3.87304033383461,0.000107486031008339,0.000465570924610104
"Sdpr",7.90515354540461,-2.94065573466029,0.677570251750617,-4.34000124276798,1.42481910224137e-05,7.47543814443019e-05
"Cxcr2",5.22821128206292,2.13381090311028,0.823131268183919,2.59230937468592,0.00953339977648925,0.0253779044637318
"Catip",40.0287550255615,2.13926624886859,0.318482517967482,6.71706020952464,1.85427365717432e-11,2.29108403441643e-10
"Ihh",29.889137915621,2.03032582386737,0.321128111224032,6.32247926264834,2.5739957634489e-10,2.75990412938387e-09
"Sp100",3.29904224302709,-3.40605929297106,1.39038400731468,-2.4497255974264,0.0142965119729608,0.0361153921064251
"2810459M11Rik",36.359090195654,2.107566568909,0.312383730143247,6.7467232302481,1.51221337154504e-11,1.89627266824736e-10
"Htr2b",8.15813839001624,3.37720359582999,0.809647066704065,4.17120463312244,3.02993612281304e-05,0.000148276503148235
"Mir3535",4.65503896132587,2.05243382212471,0.799600702394394,2.56682343572075,0.0102634858289985,0.027105107235627
"Ecel1",9.4151011453849,-2.04202784372438,0.646925271385437,-3.15651271336368,0.00159667926782959,0.00528272569882018
"Sag",3.3103677645206,3.5573718942813,1.41313287878387,2.51736545634883,0.0118236117660485,0.0306080936508789
"2410088K16Rik",53.2592219447791,2.09749582370258,0.261851466481683,8.01025043657453,1.14475090494915e-15,2.25644824419241e-14
"Gpr35",12.1527808001415,-2.24137938762428,0.521593949409408,-4.29717290655337,1.72990255972565e-05,8.9121232979339e-05
"Cdh20",3.73047485034269,4.18391757353297,1.48475396266614,2.81791978922892,0.00483358832159568,0.0140725630024919
"Serpinb2",15.1989860629122,-2.36566808393161,0.558048210431972,-4.23918227799781,2.24335453009529e-05,0.000113133917417612
"2900060B14Rik",7.14757113687174,2.88790869323899,0.941177390653293,3.06839998699334,0.0021520835154684,0.00689181346818443
"Sctr",2.68953274755328,3.17248799547782,1.30378985202515,2.43328170605873,0.0149626546254567,0.0375787921069176
"Il10",9.93750639311852,5.87029535149515,1.29487326399323,4.5334902764089,5.80169381797553e-06,3.26999516721789e-05
"Prelp",22.9653587951527,-2.05259956964083,0.382188852981313,-5.37064216716228,7.84567528715673e-08,6.00256965608906e-07
"Crb1",1.67815949953569,3.97791674497609,1.58626359565397,2.507727439421,0.0121510354617612,0.0313318445383403
"4930469G21Rik",2.7617981178722,3.38461620462625,1.27138891850379,2.66214071506095,0.00776454115579932,0.0211990197924163
"Fasl",1.20705938879641,4.03559678089896,1.70032407920975,2.37342800131052,0.0176238286468304,0.0431443565834256
"Fmo1",2.33514203471419,-4.21050651064595,1.58062645479364,-2.6638213588521,0.00772585787172444,0.0211064420627256
"Rgs4",17.31783442298,-2.64906987804193,0.612477995551023,-4.32516743015178,1.52416053522862e-05,7.95180950822578e-05
"Tstd1",31.474744609674,2.24162430486458,0.365535672348904,6.13243651559387,8.65432483635752e-10,8.58681916002454e-09
"Itln1",3.19761508864567,5.45109564811699,1.38261345725438,3.94260277123432,8.06020931327533e-05,0.000357802060929001
"Atp1a4",35.1951047862197,3.29044632298422,0.40150579282626,8.19526487979731,2.50041927302654e-16,5.24435506125531e-15
"Gm2061",2.48954593964407,-3.72543208271795,1.54849245053389,-2.40584452409406,0.0161351299366103,0.0400231807532557
"1700007P06Rik",2.00999384015616,4.28342663909624,1.55207647713398,2.7598038512934,0.00578360753317319,0.0164696351737857
"Spata45",26.3281889267712,3.00021765544802,0.62586953405781,4.79367902124294,1.63750198906681e-06,1.0212582951919e-05
"Kcnh1",17.2589862457769,-2.14042459466695,0.419875034990633,-5.09776580242429,3.43685645095e-07,2.39901535370103e-06
"Slc35d3",57.8061433857811,3.69961575752439,0.444393625393795,8.32508736876236,8.42665674530325e-17,1.83487337332151e-15
"C920009B18Rik",3.7229384213476,-2.44198609542246,0.89445725672091,-2.73013168273105,0.00633090317429503,0.017793148787905
"Themis",10.4847897580013,2.83047609834806,0.818804310501326,3.45684073965739,0.000546547753031994,0.00202250121836724
"Rnf217",82.1730040470109,-2.54293690712539,0.249065986648168,-10.2098923315352,1.79063423299344e-24,7.0670097932047e-23
"Rsph4a",85.7525237022271,2.21007428417295,0.20799004698193,10.6258655942558,2.25906592557899e-26,9.88999934605094e-25
"Scml4",7.70258270036171,-2.11954626064401,0.647341357788693,-3.27423272921159,0.00105949312621258,0.0036709578609768
"Neurog3",8.37075444151907,2.96104661580942,1.00988784340447,2.93205491594724,0.00336727198500527,0.010213885051789
"Aire",342.800117231874,-2.60059817323723,0.120942449759465,-21.5027740748546,1.46654386419262e-102,5.76221379173107e-100
"Cfd",9.11005953944737,-2.5118928617474,0.730363055467891,-3.43923866759418,0.000583352698383479,0.00214077606063061
"Adamtsl5",66.4397636066099,-2.1375346728647,0.205350594034027,-10.4091964424048,2.2511374110497e-25,9.38734918980417e-24
"Ascl1",6.79551009855402,4.0985416737106,1.37019610879658,2.99120808138207,0.00277876075270836,0.00863770549729898
"Lyz2",16.2108549588291,-2.79583841172627,1.00432481290727,-2.78379900187172,0.00537263169818657,0.0154435865803344
"Ndufa4l2",278.069072591587,-3.47112287907907,0.133602004401645,-25.9810688816008,8.10574634839606e-149,5.97157088274961e-146
"Nxph4",29.3128322190121,-2.00323462962272,0.352844349929233,-5.67738899609556,1.36766220023307e-08,1.15590991215683e-07
"Apon",10.259936630794,2.29666025346974,0.579638864586621,3.96222612696551,7.42541617168189e-05,0.000332376666662044
"Mettl7b",7.69181045581978,-3.37349275321008,0.811350789718144,-4.15787202768608,3.21225878309662e-05,0.00015650577995021
"Npc1l1",11.8971797116603,2.58705582924778,0.696804599028267,3.71274218461758,0.000205025713213453,0.000833538660686839
"Bcl11a",60.3485681324247,3.07972085508746,0.339422748286417,9.07340733829862,1.15352093348222e-19,3.24251249998396e-18
"Stc2",166.531063098624,-2.65566774270171,0.151532391613847,-17.525412978825,9.16735009515165e-69,2.0260989629047e-66
"Sgcd",7.81209349752717,-2.14058382834632,0.6377292042964,-3.35657174538212,0.000789152432422639,0.00280518780813524
"Grm6",48.4852805303074,3.32111317441665,0.416016864493487,7.98312149787534,1.42678340809573e-15,2.7844323883599e-14
"Sowaha",4.12914423152189,-4.81198634208358,1.35305067601937,-3.55639772210179,0.000375974756078731,0.00144419067178537
"Hist3h2ba",12.3453878035058,-2.24849262535826,0.560504725872938,-4.01154980782083,6.03214469298728e-05,0.000275806439919079
"Obscn",14.4905608687305,2.14312323662942,0.656083675708099,3.26653949180551,0.00108870621526173,0.00376038573784777
"Aldh3a1",16.7234876945061,2.1861363455416,0.531998954013431,4.10928692443709,3.96882716684222e-05,0.000189349252932912
"Rnf112",11.6422399316987,2.58192980601102,0.651315954558327,3.96417405092109,7.36505034675878e-05,0.00032989261774382
"Pirt",17.619292972107,2.17389490636241,0.473076567736528,4.59522845691467,4.32275393231736e-06,2.49936599991181e-05
"Alox12b",4.09093028840993,-2.0926165826461,0.854626702463522,-2.4485738353529,0.0143423030864417,0.0362214342053101
"Alox12e",11.5827045260621,2.41661028825411,0.592165150388044,4.08097350320347,4.48474679581941e-05,0.000211735135105162
"Aldoc",311.234532186779,-2.1452456980134,0.111487654447562,-19.2420022525669,1.64720938802525e-82,4.62290622058326e-80
"Ccl2",59.4363677676829,-3.8792954768129,0.317652103558355,-12.2124029192844,2.66888576265864e-34,1.84330348318623e-32
"Ccl7",29.5374426477003,-3.87245785060967,0.437232532022261,-8.85674684978042,8.23833338798761e-19,2.16115686399123e-17
"Slfn2",6.55040965807217,-2.12666327407624,0.734737251242437,-2.89445413374653,0.00379818394493306,0.0113707569133697
"Lhx1",16.5402693659074,3.53774424315921,1.11022286556597,3.18651718757004,0.0014399693165412,0.00482016234111415
"Car10",1.47119875720586,4.12850730221185,1.73115586859202,2.38482702633221,0.0170871534194776,0.0420133444040861
"B130006D01Rik",4.02675146066453,4.72524708757172,1.39781176672033,3.38046023082101,0.000723645464913333,0.00259528914100053
"Hoxb1",73.9668047547886,-2.51748502365927,0.919879924766832,-2.73675395655297,0.00620486816545079,0.0174778196643835
"Ppp1r1b",9.5705396523336,-2.43708229276795,0.750338705117955,-3.24797624878598,0.00116228972324128,0.00398341628157184
"Aoc3",43.5526245425053,-2.24210132090038,0.299883793549861,-7.4765671540953,7.62891671666815e-14,1.26298573471357e-12
"LOC666331",10.4902923443159,2.25753146213817,0.622555118749017,3.62623548365409,0.000287583118194544,0.00113170645733313
"Icam2",12.0541087848388,2.56929283929103,0.594290297440621,4.32329595545474,1.53715305197471e-05,8.01250091744244e-05
"Socs3",1002.96868910359,-2.64569495048579,0.0903089104827517,-29.2960565723035,1.16430703754626e-188,1.47043662363253e-185
"Aatk",6.72958625602841,-2.00203881741838,0.707675271170745,-2.8290359985397,0.00466884470018386,0.0136468578515376
"Slc16a3",2999.39141854969,-2.61897128840417,0.140924045471118,-18.584275519829,4.3077768217413e-77,1.07275777443955e-74
"Cd7",6.06967265928612,2.82199490146816,1.03020810327492,2.73924743214244,0.00615800090948765,0.017367939716167
"Fam228a",2.57118312284484,-3.45255675377252,1.41152192014697,-2.44598167728988,0.0144458341680062,0.0364568646766369
"Osr1",3.04076310795565,-3.58086170794704,1.46431014179887,-2.44542573716524,0.0144681241201117,0.0365079067457822
"Colec11",1.54259181295855,4.02569940010992,1.56007180557874,2.58045776208135,0.00986694257377721,0.0261712288699302
"Dgkb",12.368633961147,2.73323108836838,0.643307412369711,4.24871692104425,2.14998395553905e-05,0.000108828704030593
"Egln3",540.095481083823,-3.98802200816538,0.12385252867836,-32.1997624975597,1.77846576365215e-227,2.85864119701215e-224
"Slc10a1",7.78948568842404,2.51004379102196,0.730426994856339,3.43640611409172,0.000589486622840091,0.00215880550506124
"Fos",741.704769276516,-3.8460423881432,0.104210664047809,-36.9064185828308,3.64582160526725e-298,1.61154429506826e-294
"Gm805",6.83917113654913,2.02055401131408,0.697449277386978,2.89706230521045,0.00376674939595119,0.0112881179779344
"Ngb",6.91104637137856,2.1084503249244,0.800891503834115,2.63262915742095,0.00847268017133835,0.022913040396059
"Gm7104",25.8717006039146,2.03582023263567,0.409870371554507,4.96698559818915,6.80016360914068e-07,4.53883324927204e-06
"Serpina3g",6.16259984258239,-3.1054566144404,0.843391073651678,-3.68210751981822,0.000231313810612727,0.000929513519419004
"Serpina3h",3.55619590331624,-3.2250313646065,1.2623148706549,-2.55485492532725,0.0106232063901602,0.027921645931979
"Serpina3i",3.46387667372418,-2.5672744081823,0.969894436793646,-2.64696271139507,0.00812183081354357,0.0220654718214911
"Serpina3k",11.7996526949066,2.39747959710966,0.564145896680225,4.24975101515031,2.14008265616859e-05,0.000108451709497612
"Serpina3m",63.6988741702307,2.40676273240437,0.246679804111867,9.75662657536783,1.72807900597926e-22,5.99101272641556e-21
"Scarna13",3.35987511301338,2.9383837729488,1.26220380842961,2.32797885200856,0.019913226647841,0.0479550204794984
"Tmem179",54.7381559958585,2.3887512033848,0.284125013482919,8.40739494950665,4.19217549423759e-17,9.5028019120019e-16
"Vipr2",1.56679351599857,3.72710297023645,1.60957621197766,2.31558030151118,0.0205811954156964,0.0493150990845546
"Abcb5",8.30481998718442,3.32249301343472,0.728078944686293,4.56336917539386,5.03391825871131e-06,2.86649625546778e-05
"Akr1c21",4.32515312440322,3.5985139422572,1.05054410186038,3.42538112953533,0.000613937521610173,0.00223768899599865
"Hecw1",6.58163591557,2.24596556644068,0.93732250602094,2.39615025993039,0.0165682966759104,0.0409254056338043
"D130043K22Rik",5.94601313321478,2.4006248219063,0.784848664219641,3.0587104640016,0.00222291875547861,0.00708936264711711
"Serpinb9d",15.8994067314159,2.53992647895692,0.489143347997735,5.19260149269919,2.07375754506523e-07,1.50641360535326e-06
"Serpinb9e",20.0157281583237,2.04935716006387,0.436872477764678,4.69097337179423,2.71908361198377e-06,1.62969889299949e-05
"Serpinb9f",16.3395884411872,2.61823359430838,0.520321762964763,5.03195095932531,4.8551347633812e-07,3.31698754835174e-06
"Serpinb9g",14.0664041161822,3.18738265353084,0.646849232388355,4.92755111073116,8.32666461452731e-07,5.475037450705e-06
"Ppp1r3g",16.7143341196092,-3.96261473226056,0.636379184392842,-6.22681387047759,4.76016068309379e-10,4.87909571233515e-09
"Susd3",8.07343638420333,2.35268696876854,0.73807697598358,3.18759024508696,0.00143463681352841,0.00480504139041406
"Sncb",22.3169227321531,-2.06526109623731,0.352151270669376,-5.86469869130849,4.49949009068886e-09,4.06309929997291e-08
"Rgs14",16.1592515299238,2.13475005502614,0.553895258595854,3.85406811467896,0.000116171252700394,0.000498791626759512
"Fbp1",48.6436270746985,2.12936410765921,0.28588821365084,7.44824027708899,9.45934285840165e-14,1.54718446881961e-12
"Pcsk1",27.0068097164168,-2.44386761839972,0.369060183375184,-6.62186745817364,3.54689026049241e-11,4.26326082228187e-10
"Nr2f1",24.7854881345727,-3.00932158039971,1.09560647978121,-2.74671758148113,0.00601949436603078,0.0170301166934111
"Ccno",129.311721061751,3.39546656158938,0.307282574328018,11.0499808491086,2.19261650961707e-28,1.10135376439032e-26
"A430090L17Rik",2.10802620428753,3.88978682206709,1.49617517610536,2.59982045163485,0.00932725478592278,0.0248966171301178
"Lrrc3b",3.76389448236495,-2.88649263784189,1.24710413472807,-2.31455622466625,0.0206372309008286,0.0494292711402806
"Tmem254a",12.1930723776113,2.01384655103975,0.603883317335332,3.33482726419063,0.000853524006392113,0.00301280853603892
"1700024G13Rik",4.90722131370092,3.16175368872565,1.19376630503114,2.64855330176468,0.00808371007021835,0.021988935038697
"Vstm4",12.1245930561306,3.25571394637326,0.806618448657905,4.03625028883271,5.43122747494445e-05,0.000251583790894663
"Gm10377",2.95252855835223,4.43081458393202,1.55118254051901,2.85641081445483,0.00428460357365385,0.0126428697906832
"LOC101056136",3.36417485153921,2.47051389804235,1.05387579425028,2.34421732762147,0.0190670575493744,0.0461751327942047
"Ptger2",7.37816936096854,3.20620955413286,1.176534617212,2.72512980683094,0.00642762111568059,0.0180305836817942
"Rnase1",2.44910105708897,-3.59930355481411,1.47962762952618,-2.43257390102043,0.014991931811739,0.0376362837375206
"Cbln3",13.4081706576952,-2.11060378734676,0.506960559774052,-4.16325046723051,3.13748875513798e-05,0.000153200603920449
"Fgf9",2.76056929063311,3.65692639131256,1.50722783988296,2.42625984907267,0.0152553430647195,0.0381783044200007
"A930011O12Rik",28.3673638564683,3.34418140769701,0.568504251325145,5.88242110749735,4.04308070853953e-09,3.67535784101221e-08
"1700001G11Rik",5.68190679623979,-2.33213216642627,0.855213894312902,-2.72695776101715,0.00639212210328413,0.0179476693662099
"Stc1",28.5140534457549,-5.86218026051294,0.870836299907719,-6.73166731925868,1.6772980165834e-11,2.08847226980359e-10
"Lgi3",21.108491306033,-2.39948289044212,0.375608136465352,-6.38826121559126,1.67782559629489e-10,1.84029989876488e-09
"Htr2a",3.90342388021909,-2.59563925575685,0.953438279371817,-2.72239882949425,0.00648098741428959,0.0181572394980279
"Cpb2",3.91954369332416,3.25549316561407,1.04131814220055,3.12631945385531,0.00177009156049582,0.00579788604689265
"Kctd4",5.76420540217169,2.43143130701661,0.746573366300623,3.25678816947985,0.00112680489162508,0.0038715579651813
"Pcdh8",46.9000494226472,2.07369347955277,0.383371941778378,5.4090903730027,6.33456604878064e-08,4.91019124544018e-07
"Gpc5",3.093469483141,3.59738850946273,1.428461053156,2.51836653265048,0.0117900557793354,0.0305391116663388
"Cdh9",18.4416955013937,2.35152211755227,0.449403472830773,5.23254104544439,1.67195510631774e-07,1.23071766173205e-06
"Enpp2",310.050752432427,5.13910951511278,0.391471652668152,13.1276670483959,2.28590829188758e-39,1.89751852154293e-37
"Fam84b",95.1082839704316,2.47654627636755,0.265105321156882,9.34174487920594,9.47594056544372e-21,2.91888684908729e-19
"Lgals2",8.31973932661235,2.1523396922754,0.714767707014016,3.01124361265134,0.00260180020404206,0.00814634839873697
"Nptxr",5.81996466096359,-3.28027121200036,1.26338908874838,-2.59640615960208,0.00942046343376635,0.0251188680398768
"Grap2",11.4166808569818,2.28682917785521,0.571261593270831,4.00312082029124,6.2512356982066e-05,0.000285013146931385
"Tbrg3",20.5805979127214,3.89540672074466,0.623225344804731,6.25039843648395,4.09406895210816e-10,4.23317152878505e-09
"Adm2",14.3140364814597,-4.21261289049119,0.613962399962078,-6.86135322089983,6.82112678934068e-12,8.94690970046977e-11
"Kcnh3",128.444948396648,2.17728320763519,0.186098306891642,11.6996400665963,1.27995238643058e-31,7.72383554419084e-30
"BC048502",1.79729482108975,4.67930302978989,1.52691037104453,3.06455645237963,0.00217993029096163,0.00696860377409014
"Rbfox1",16.8156087544906,3.59700121950416,1.28350956130733,2.80247325609357,0.00507124208302693,0.0146774646046815
"Ciita",4.73686332901,2.91329615792024,0.943028724928225,3.08929736805416,0.00200630514472276,0.00648628291531231
"Serpind1",1.36573920207409,3.82579612940984,1.63899415129982,2.33423415597656,0.0195834643360252,0.0472638865581848
"Rtn4r",6.52366065858085,-2.28412553671632,0.77143307162177,-2.96088620094346,0.00306755259720718,0.00942931110417598
"Gmnc",4.51929073869221,2.44104502192465,0.95051987689502,2.56811570305989,0.0102253019800677,0.0270244490746752
"Tfrc",3374.46956295698,-2.11742912279999,0.064744804905709,-32.704232036589,1.35973058955221e-234,2.67126628376362e-231
"Casr",5.10231780704812,-2.59274732267575,0.867869624590459,-2.98748481247889,0.00281283270186311,0.00873700425876789
"Fbxo40",22.368864559815,2.36166809858883,0.400207242824402,5.9011128382428,3.61057851721823e-09,3.30598854287599e-08
"Cd96",5.3363765214426,2.02680831672855,0.744948251687,2.72073706078062,0.00651365492895477,0.0182400907188548
"Impg2",1.48935229428096,4.12322238368668,1.67982547043046,2.45455403330091,0.0141059463641174,0.0357061184916191
"Olig1",3.00217699314286,-2.68437571957114,1.09090141875091,-2.46069504854505,0.0138668174654918,0.0351915027425521
"Cbr3",920.774216107863,2.47584850545335,0.115007938991726,21.5276312849278,8.58086999269989e-103,3.44814459865743e-100
"Erg",5.95493350082245,2.11956258587858,0.80967050839776,2.61780880480991,0.00884963746758222,0.0238050266338538
"1700110C19Rik",1.31267014564808,3.97851540731333,1.63291252083254,2.43645348820332,0.0148320767879249,0.0373038335259318
"Smok4a",6.32272441470487,5.03297189027704,1.28797329103331,3.90766790376469,9.31912775954095e-05,0.000408254454698819
"Rnf151",7.879426163344,2.30028137707657,0.761247839735725,3.02172466968857,0.00251339045503147,0.00790312228977616
"Snora78",13.9887862241586,2.71853773450369,0.548908732085674,4.95262249549964,7.32199350191522e-07,4.85961588240852e-06
"Sstr5",67.5768613541582,2.07601138840208,0.241064796566233,8.61183971269602,7.18973241138147e-18,1.72954637776375e-16
"Sox8",15.594513307803,2.63779921253595,0.542039031179652,4.86643776702805,1.13627681051709e-06,7.30298447355607e-06
"Spdef",7.38490155691689,-2.5113959121829,0.783652558604365,-3.20473133738699,0.00135188603035674,0.00455405923047367
"Tff2",2.72970084481824,3.33662353121322,1.4372298426261,2.32156571778149,0.0202563316388024,0.0486355512908289
"H2-Ab1",25.1900962035329,-2.69692175861671,0.383777765941596,-7.02730068793807,2.10567276239225e-12,2.95479365967122e-11
"Egfl8",7.36081462266554,2.23215010239369,0.830957394583594,2.68623892986988,0.00722613946478633,0.0199166596846278
"Ier3",271.158978246592,-2.41783493380732,0.120077248818266,-20.1356623140712,3.59475096480678e-90,1.1556143965227e-87
"Trim40",4.64816396602821,2.21259661095963,0.880599813351658,2.51260172601927,0.0119844547724193,0.0309655333671116
"Crisp1",17.2116212907614,2.58524937700341,0.708775393019404,3.64748748681888,0.000264817203960474,0.00105053466080887
"Ankrd66",3.25480013819358,-2.90665692265069,0.981840344065923,-2.9604170782124,0.00307222813444819,0.00944040070302024
"1600014C23Rik",2.03072802775681,-4.29150592153602,1.5054579867389,-2.85063147516471,0.00436325075344611,0.0128406518927564
"Vegfa",696.105114731636,-2.05641266818286,0.0961791710914175,-21.3810604192904,2.00521157409747e-101,7.54343528545052e-99
"Slc5a7",6.73377097798523,4.43947369535896,1.33717098890522,3.32004936705489,0.000900015312384204,0.00316806106674599
"Gm11110",6.76906710453684,-3.16283420806481,0.914713026692683,-3.4577338638115,0.000544739218494401,0.0020168925048099
"C3",16.1152650994404,-2.51349407152742,0.498022955421443,-5.04694421043387,4.48932369786741e-07,3.08016035320115e-06
"Emr1",2.22409688273745,-5.04519921015491,1.49771418833894,-3.3685994627255,0.000755511321928972,0.00269644644388901
"Tmem232",1.68429657601229,4.15361034613481,1.59485627957357,2.60437909003651,0.00920408900042808,0.0246161696591391
"Egr1",1388.88351075824,-3.74290393305483,0.0893954924785041,-41.8690453990713,0,0
"Pcdhga1",21.8886191240559,-2.01749255380877,0.39556843773699,-5.10023642267986,3.39229479672906e-07,2.37071795655994e-06
"Prelid2",192.936825384319,-2.06859671602317,0.148387481919437,-13.9405069030436,3.59378694907458e-44,3.53009705814376e-42
"Gpr151",2.09035652429607,3.17034070195527,1.31031656229885,2.41952272693032,0.0155408895659686,0.0387612453683018
"Megf10",126.955506516524,3.80052773829835,0.452911765721672,8.39132039822939,4.8071228001472e-17,1.07861342930714e-15
"Synpo",66.1274140932301,-2.30332963582875,0.284410647410226,-8.09860550862743,5.55927370417233e-16,1.12515605233567e-14
"Mc5r",6.09809886397827,2.83229343691813,1.03037838375878,2.74878965005655,0.00598157592548365,0.0169443439153147
"Npas4",7.82209341222712,-3.33376173027818,1.3122430922745,-2.5405062140581,0.0110692126627519,0.0288963161213814
"Cdc42ep2",47.4650854310545,-2.03811461358607,0.263477339441292,-7.73544555257741,1.03041592367513e-14,1.85527331430752e-13
"Chrm1",3.06453333486119,3.21647961589799,1.2758494682262,2.52104946233965,0.0117005403773833,0.0303500159713208
"Ms4a10",34.5843353812558,2.1122211669094,0.368466379235943,5.73246647710254,9.89806019378416e-09,8.50790482675244e-08
"Trpm3",4.34992897152944,2.19432174838959,0.886349135045653,2.47568555282289,0.0132980641075429,0.0339429870774457
"Tmem252",21.3096709465189,5.01296166782532,0.891883893929292,5.62064378776947,1.90247174980848e-08,1.58071442708476e-07
"Vldlr",84.4032699950166,-3.27978051033519,0.268197657541336,-12.2289677710168,2.17687273862856e-34,1.51532625557841e-32
"C030016D13Rik",3.6301335064061,3.70080372778621,1.39235790060224,2.65793997806561,0.00786198936565627,0.0214414337810526
"Ch25h",7.27770883804871,-2.48543463467575,0.781765480013405,-3.17925861171707,0.00147652292566398,0.00492759566792465
"Ifit3",3.48435000806135,-2.90452184494119,1.10437911071341,-2.63000433163293,0.00853837802454478,0.0230730646266202
"4931408D14Rik",2.82850287781999,-2.97067463938423,1.28033318299131,-2.32023560651898,0.0203281354031322,0.0487682173762252
"Lgi1",4.92205388097269,3.13955019023075,1.20671109782773,2.60174137445362,0.00927517692943052,0.0247762755079
"Cyp2c55",4.76077382254987,3.05795000336689,1.09380639060531,2.79569586503753,0.00517881103403474,0.0149643010120556
"Cyp2c67",4.17277289107962,2.56574424748522,1.0473788068151,2.44968127175229,0.0142982718593391,0.0361153921064251
"Cyp2c40",5.67731280347211,2.5699793813476,0.941455449571386,2.72979394034803,0.00633739240265123,0.0178076272749541
"Loxl4",69.9369489306136,-2.05004272439572,0.215729717281492,-9.50282951384373,2.04263146384866e-21,6.57846391845322e-20
"B230217O12Rik",14.4772925796484,2.31326707843279,0.571962944679174,4.04443522076479,5.2449407545277e-05,0.000244041572317906
"Pfkfb3",660.556161942884,-2.01465357802838,0.0798180194452355,-25.2405859232159,1.43694022594745e-140,9.77174620576031e-138
"Il2ra",5.44820086173887,4.79567219710198,1.30557443859161,3.67322770371894,0.000239505878808763,0.000959380027915212
"Cubn",1223.97908405708,3.49247989861787,0.380114781972204,9.18796127974117,4.00356952055413e-20,1.17197206445228e-18
"Tmem236",2.79419505016938,2.71673147977665,1.07160306541766,2.53520316192619,0.0112382128159835,0.0292942416039222
"Gm13315",10.1946790186835,-2.44455941666872,0.5500046905746,-4.44461557975959,8.80491630245977e-06,4.80344724294327e-05
"Hnmt",1.86338880765654,3.13268935549486,1.34598632917813,2.3274302922584,0.0199423750653279,0.0480119594330948
"Grin1",102.380221751037,-3.19033362498091,0.210696996349586,-15.1418087597582,8.58204726657414e-52,1.10758523883429e-49
"Grin1os",3.54434022065294,-4.97321130292767,1.36319012543631,-3.64821546909014,0.00026406813526863,0.00104803337815592
"Kynu",4.75441057261272,-3.32613478256714,1.35601009795652,-2.45288349074948,0.014171623120801,0.0358518340819692
"Lrp2",3649.06407133314,2.40364658418638,0.0761043960220441,31.5835445759289,6.212502499431e-219,9.15360472436996e-216
"Sp5",144.778197919863,-2.98357626453715,0.421885722981773,-7.07200102304968,1.52715294900339e-12,2.17229213928632e-11
"Gad1",66.4371825979714,-2.2053673279522,0.253706331645006,-8.69259869729236,3.54241865444431e-18,8.77219947188093e-17
"Hoxd3",57.834438871411,3.30173385056998,1.28738074654045,2.56469102823128,0.0103267716631868,0.0272478211874058
"Hoxd1",7.90437574607864,-2.42401859233008,0.995018117278296,-2.4361552319877,0.0148443126615633,0.0373239892163112
"Wt1os",4.13413386162687,5.03847373612775,1.35795527267953,3.71033850488005,0.000206982300790286,0.000839948143280478
"Wt1",169.493877385406,2.15415424685109,0.192066349494152,11.2156775641569,3.41560490276703e-29,1.81355286143615e-27
"Ryr3",177.235990939989,2.09112503486598,0.160543796778173,13.0252621205623,8.78987163651568e-39,7.16192259931953e-37
"Capn3",199.445885024393,2.48541954409566,0.168609271066899,14.7407051128851,3.53078941551339e-49,4.08025409514328e-47
"Tgm5",1.59013763546494,4.28584169305239,1.76254051544879,2.43162733309486,0.0150311638948271,0.0377080035221962
"Fgf7",19.4290195389081,-2.19438669766396,0.381066731313057,-5.75853654319988,8.48463005198001e-09,7.36820942775337e-08
"5330413P13Rik",3.9402202256606,3.16361751581784,1.27342714934621,2.4843333342171,0.0129794249302648,0.0332015642638906
"Erv3",9.50519372822714,3.50373157248768,0.843004029062611,4.15624534604383,3.23520400185455e-05,0.000157493507590281
"AU019990",6.44206204087239,2.40046619469245,0.838040979125827,2.86437806083947,0.00417828992363671,0.0123592496620601
"Syndig1",18.1015540016213,2.63261456076999,0.625407129005487,4.20944124023071,2.56003007909211e-05,0.000127503920643458
"Gm14151",6.29532961295833,2.03536380039591,0.747523085940182,2.72281062441833,0.00647291505404162,0.0181385609633328
"Tmem74b",7.25630975481536,-3.31072652546525,0.884708722890448,-3.74216557360113,0.000182441239488492,0.000750172919859542
"Ttll9",12.6166845367859,2.05441558681096,0.517594201955331,3.96916267425317,7.2125631818676e-05,0.00032366834928579
"Ccm2l",6.78478888280873,2.46191169087877,0.82143204934365,2.99709719488777,0.00272563796921297,0.00848301442240002
"Hck",94.9924010812929,-3.22715962581033,0.244301975193113,-13.2097156531762,7.71151801658689e-40,6.4619597180698e-38
"Bpifb5",9.66388385660188,-2.0406039961626,0.521642884038223,-3.91187929252587,9.15806850454842e-05,0.000401995554192951
"R3hdml",10.4850324566781,2.04676144053982,0.571487789998063,3.5814613651619,0.000341677670497173,0.00132686204525818
"Wisp2",24.3008202215638,-4.24840154941066,0.501177863331392,-8.47683399496339,2.31404760794687e-17,5.36938002048669e-16
"Slpi",13.3268602484953,3.1156517201396,0.702855912720836,4.43284557154617,9.29974775937812e-06,5.054683065895e-05
"Rbpjl",2.72008663134074,3.77292679542235,1.32206836404692,2.85380612533018,0.00431988854352923,0.0127342363017906
"E130018N17Rik",8.34770248016044,-2.06835278990122,0.743504925861564,-2.78189520735782,0.00540424869810935,0.0155142914809663
"Cass4",97.5398976058375,2.27505720452754,0.21286600347247,10.6877433099446,1.16163013701295e-26,5.18656122538533e-25
"Edn3",10.2334497739705,2.35434060411347,0.620839171415453,3.79219081609461,0.000149324103971094,0.000626976842154574
"Hrh3",8.14958005960458,2.14550686494813,0.730320116899794,2.93776224329654,0.003305904451585,0.0100570709925111
"Bhlhe23",5.72634729028838,5.46403831440761,1.31809194657639,4.1454151423957,3.39198602200957e-05,0.00016422153574795
"Ptk6",13.5845345878856,-2.00889457581449,0.437858848578363,-4.587995840068,4.4752155428634e-06,2.57740345320416e-05
"Kcnmb2",3.6320541796806,2.92188988357577,0.987232562566635,2.95967737933943,0.00307961358705175,0.0094565150690646
"Clrn1",1.41651457807606,-4.70920870756875,1.68644167787349,-2.79239345739296,0.00523196942824486,0.0150957003036549
"Aadac",3.22084029700248,3.70130181425086,1.41808780714119,2.61006532572377,0.00905249341102292,0.0242657877501965
"Gpr149",3.54657969482268,-2.88617668369496,0.923602289219097,-3.12491287363007,0.00177857730665956,0.00582244498408584
"Ptx3",23.3348978132548,-3.02434473594225,0.459055790019053,-6.58818557939706,4.45233929069419e-11,5.29044428755134e-10
"Gm6634",3.9175815784134,-2.5337666264203,1.06426132268545,-2.38077488339691,0.0172762660549478,0.0423957890517047
"Fgg",1.61462532299926,-3.85730008580134,1.63610592563908,-2.35761024109405,0.0183929931401917,0.0448189790120906
"Tmem154",19.3365200376818,2.31509384127577,0.483847122478572,4.78476306610317,1.71189151454415e-06,1.06464839495797e-05
"Nup210l",32.9962080327201,2.54945068672782,0.36677510440691,6.95099164609438,3.62727353230187e-12,4.93716884716161e-11
"Lor",45.8971489167244,-3.05128388138992,0.51997240618857,-5.8681650123629,4.40644597957906e-09,3.98518523605818e-08
"Sprr2k",1.00592429168196,-4.39072688841557,1.80920291466557,-2.4268847086327,0.0152290945570912,0.0381288049934764
"Sprr1a",19.6152725648729,-2.05900881263064,0.454555550114807,-4.52971878158917,5.90622468505997e-06,3.32149995726925e-05
"Gm4858",29.7421317941099,2.61777344580772,0.398966870877065,6.56138049771642,5.33118908716048e-11,6.24657085818983e-10
"Tdpoz1",4.85757745953034,2.89700346754074,1.05093005870619,2.75660919919567,0.00584041077000363,0.016604647503527
"Tdpoz4",29.9052217969888,2.07751504273406,0.361263977971483,5.75068417947293,8.88830153451628e-09,7.69231813175636e-08
"Gm9125",13.5796185658786,3.04245259363367,0.698709346120702,4.35438943321088,1.33438308573953e-05,7.04485737203959e-05
"Gm10696",27.0727204228968,2.70514733323637,0.461726510804543,5.8587654594984,4.66320736647478e-09,4.19737133748748e-08
"Cd160",4.64958259553425,3.61242535193696,1.21350298967948,2.9768573976823,0.00291219430823203,0.00901602303692006
"Kcna3",6.42894513844344,4.16928199779243,1.33469095626829,3.12378081098974,0.00178543406039204,0.0058416468582146
"Pitx2",383.926050134914,-2.1620799559036,0.115685459807532,-18.6892973369401,6.05046214788664e-78,1.52826030338262e-75
"Ccdc109b",7.38810107834978,-2.51330863990158,0.719512346184986,-3.4930722915704,0.000477497223859401,0.00179013685129159
"Gabrr1",6.77667730948059,2.39549160556346,0.790766621801927,3.02932817283667,0.00245098282234746,0.00772750129848885
"Car9",36.5741740395512,-2.13129259616526,0.271956076841182,-7.83690006460089,4.6180529707462e-15,8.6679187447732e-14
"Susd1",54.1624434244143,-2.13345070731685,0.272403873825354,-7.83193967602923,4.80400033936703e-15,8.99783156783352e-14
"LOC100502896",22.0245173322568,2.50107974752699,0.669940827613204,3.73328455952979,0.000188998861000297,0.000774076641497858
"Slc2a1",15153.8398748966,-2.0259046535199,0.0723210014786738,-28.0126742177002,1.13878152017502e-172,1.18439976813026e-169
"Edn2",38.2177452617008,2.27328679462422,0.332527594171066,6.83638541424248,8.12162623200296e-12,1.05354712698492e-10
"Rhbdl2",6.59014495388365,2.52352569234631,0.786499954351885,3.2085516068794,0.00133405365271621,0.00450227192855035
"Pou3f1",850.389417627919,2.36763615420492,0.179499233338208,13.1902298977728,9.98801842773819e-40,8.33010159532259e-38
"Rspo1",44.8658872319327,2.46747183411432,0.335446423875539,7.35578518204692,1.89808054782247e-13,2.99108397201864e-12
"Gm853",10.0024858687681,-4.01442538020389,0.651072456678205,-6.16586577888063,7.00985269411353e-10,7.03013077054006e-09
"Il22ra1",3.75119872278962,3.62622735436586,1.41697788621003,2.55912769680893,0.0104935187835622,0.027638299659193
"Pla2g2e",2.23563947479563,-4.99924326625208,1.46552201495599,-3.41123723508324,0.000646687987801789,0.00234017403035682
"Hspb7",9.6770426231837,-2.39760059831172,0.639850164101,-3.74712820724268,0.000178870675018138,0.000737205688810188
"Slc25a34",5.74372801830839,-2.21634668870006,0.785349504235339,-2.82211509238555,0.00477080525196557,0.0139058040982531
"Agmat",3.5637650729379,-3.14815320133928,1.20634536112965,-2.60966162989286,0.00906318199977945,0.0242907565466273
"Fhad1",11.288433252636,-2.21795425310206,0.501302519320651,-4.42438281799933,9.67183840745395e-06,5.25046898625094e-05
"Hes3",17.1377018401666,3.80556327515045,1.10245950768345,3.45188485257558,0.000556685239961891,0.00205571255801299
"Samd11",7.49671675821996,2.70751363837882,0.750120708839172,3.60943726319562,0.00030686197507411,0.00120248816074587
"Steap4",11.138047584938,-2.53794034691059,0.638102722173759,-3.97732255124198,6.96955969346664e-05,0.000313639055587131
"Fgl2",9.41185607788714,-3.05400906545527,0.651516399447142,-4.68753981948391,2.76508912281245e-06,1.65390868675396e-05
"Speer4b",3.80885700399143,2.86170864013451,1.09752381028132,2.6074228306728,0.00912266309380775,0.0244242589584517
"Msx1os",6.63808277570666,3.52984669677642,1.16893450005771,3.01971299213271,0.00253014321715378,0.00795155745156345
"Cckar",1.44167741075001,4.62902906003507,1.5883564199707,2.91435159126342,0.00356428233749547,0.0107451109990209
"Kdr",80.942049082897,2.04209713281257,0.24996122895619,8.16965551553789,3.09271279390883e-16,6.44078385266219e-15
"Cxcl5",8.88957007494803,-3.35543064265376,0.791366705562967,-4.24004525217769,2.23474730745133e-05,0.000112764175636549
"Cxcl1",22.5344666223656,-3.13409641959293,0.505486171868779,-6.20016252473573,5.64048832566852e-10,5.71898659409078e-09
"Cxcl11",16.4507675504876,-3.90569870473747,0.672218345585956,-5.81016381118395,6.241174363698e-09,5.5147528198173e-08
"Ccng2",349.114274641796,-2.57965688818894,0.108458340727811,-23.7847718384601,4.80114341814125e-125,2.57239444776228e-122
"Fgf5",122.781418289842,2.58827521496179,0.314485334203659,8.23019369572777,1.86910959632642e-16,3.95307736514922e-15
"Dmp1",12.2215508515097,3.39066567360683,1.15494020598084,2.93579326102626,0.00332695970653694,0.0101117554147474
"Tmem211",5.12126657879297,-2.29160303213403,0.898517416654125,-2.55042694739011,0.0107591069702859,0.0282242982702707
"Oas1d",12.2517969517949,2.55839515487243,0.584986572113547,4.37342543714976,1.22312032609596e-05,6.50014742581986e-05
"Mir8116",1.35632552031583,4.26243777808877,1.66188419561167,2.56482238012977,0.0103228633723774,0.027241574221941
"Kpna7",7.74511151524012,-2.19346210284421,0.624674066434597,-3.51137052217273,0.000445802568678439,0.00168244081468591
"Gsx1",28.3485630289953,2.32958404569446,0.321086579952021,7.2553142708193,4.00730301515651e-13,6.09751502676268e-12
"Medag",20.7399081409355,-3.50801014222531,0.480848180808753,-7.29546306346647,2.97633622419839e-13,4.6040770586222e-12
"Calcr",14.0362210515778,2.6576421347428,0.563865864995202,4.71325238807533,2.43793926374267e-06,1.47368219221314e-05
"Tfpi2",53.431790989668,2.31921590992114,0.468145595917691,4.95404833484518,7.26851385879212e-07,4.82973493988636e-06
"Asb4",47.4852139498127,2.03487742364441,0.395776701134726,5.14147856053738,2.72584762127609e-07,1.93557075469007e-06
"Tfec",48.7436409016175,4.19889897349085,0.401792269510983,10.4504224996695,1.4587392055875e-25,6.18512419520204e-24
"BB283400",5.3134039205759,-2.41176592512366,0.801415375729312,-3.00938314657226,0.00261778757033762,0.00818915464103669
"Dgki",15.1117192033547,2.26763586568347,0.488610351186025,4.64099022908365,3.46743522914402e-06,2.0374783079593e-05
"Npy",16.8647666178663,2.24510673599182,0.483777482190622,4.64078386994289,3.47090006656848e-06,2.03883668029891e-05
"Atoh1",5.99294224366284,2.43285275238667,0.927994286514953,2.62162471012958,0.00875117381402815,0.0235580852932143
"Hpgds",3.26063824995116,3.82464804742495,1.44515963413426,2.64652288722148,0.00813240018163073,0.0220873990186502
"C130060K24Rik",1.41857607370957,4.25473116542754,1.67910528143355,2.53392756992284,0.0112792042813892,0.0293794359014795
"Actg2",18.6873068008444,-2.0590328147474,0.460462097167883,-4.47166624009161,7.76124922121361e-06,4.27630562419065e-05
"Vax2os",17.9381677643296,2.31586824700808,0.516730636341831,4.48177074114118,7.40262433432874e-06,4.09401941993327e-05
"Gkn2",26.5074097909645,2.63133761221124,0.349582461392302,7.52708703328898,5.18847884083966e-14,8.7285912830529e-13
"Bhlhe40",1555.60835087571,-2.36739265196942,0.0613510106286298,-38.5876716245106,0,0
"Slc25a18",8.68941707674831,2.18890977882209,0.578960168571226,3.78076057326005,0.000156349981764845,0.000653528138908801
"A2m",84.3899144702902,-2.75067346955491,0.210866340923379,-13.0446303450317,6.81869067909862e-39,5.6075009254485e-37
"Prmt8",28.7740402425629,-2.4177065244614,0.415731030727628,-5.81555463932976,6.04331687462270e-09,5.34794222523543e-08
"Grin2b",6.07784989458546,2.51803985543925,0.875035977522263,2.87764151431726,0.0040066015919663,0.0119073352524699
"Slco1c1",4.29734135684377,4.57595861015774,1.368402965868,3.34401395224624,0.000825755844447599,0.00292530336318934
"Rep15",1.86551386561478,4.48049959038959,1.54257484889343,2.90455895453222,0.00367770934338428,0.011054875828727
"Sbk2",2.7863653963802,-2.88004483342833,1.104970820927,-2.60644424167886,0.00914877181436952,0.0244793333005247
"Zim1",13.0929453744386,2.06521580898525,0.71308610897621,2.89616609128779,0.00377752409952854,0.0113165712646161
"Fosb",260.18219998445,-3.25914472566303,0.170388452219244,-19.1277324443876,1.48389876438626e-81,4.03643293124823e-79
"Bcl3",530.116181078529,-3.06498003214205,0.128840320506484,-23.7889817418438,4.34287809746436e-125,2.3995758637896e-122
"Nlrp5",4.95799706396875,-2.17285199439867,0.933604063069359,-2.32738061063606,0.0199450167997331,0.0480119594330948
"Irgc1",3.97293873673177,-3.13555251785924,0.891683833056856,-3.51643979807281,0.000437375834214101,0.00165240216340588
"Cyp2b13",4.96057913041636,2.57670891385982,0.870978529629858,2.95840692531749,0.0030923361057921,0.00948899595392399
"Cyp2b23",217.502578518493,2.25330522421686,0.140903548188404,15.9918274109318,1.45693721824342e-57,2.27965548281078e-55
"Prodh2",6.3543728531916,2.01592334567482,0.748787425408292,2.69225053368865,0.00709716089457617,0.0196223458603599
"Gm5114",9.49514947219073,2.41727354505888,0.644831856295359,3.74868816026928,0.000177761947384413,0.000733319876739105
"Gm4884",8.94051229127528,2.09728404707374,0.727170530031643,2.88417085189422,0.00392445772623903,0.0117012372778469
"Gm5592",4.79094045906558,2.63212264668187,0.941582317442632,2.79542489055105,0.00518315442089314,0.0149719577382473
"Vmn2r57",1.31589860762292,3.92159859395867,1.68078183244947,2.33319906144129,0.0196377000857978,0.0473624660542169
"Klk14",1.71158466543705,4.30966125708817,1.5659469992295,2.75211182703416,0.0059212297485695,0.0167939145307118
"Klk5",1.16969780990552,-4.89695748291563,1.72159112279618,-2.84443699672549,0.00444899834509132,0.0130669002889634
"Slc6a5",3.90239908931624,2.93884542514977,1.09279594645009,2.68929019612171,0.00716041417124795,0.0197632349300398
"Nell1",15.1458150285965,3.05386305823833,0.528752424298619,5.77560105240034,7.66788628679968e-09,6.70835712206359e-08
"A230073K19Rik",4.17653873139774,5.4711700246512,1.35811037447523,4.02851647957203,5.61299268405328e-05,0.000258850609407267
"Ipw",2.1850503928273,3.49820520967104,1.50084376008457,2.33082570132011,0.0197625523083389,0.0476181094799319
"Magel2",42.3675005158708,2.43582252378671,0.432653891883858,5.6299563449682,1.80255239311337e-08,1.50552235820628e-07
"Mesp1",1.87004889639758,3.97892635094761,1.58113941232957,2.51649305552714,0.0118529236008626,0.0306794820944008
"Mir1839",2.14565217329517,3.83190523137866,1.48802615796469,2.57515985916531,0.0100193766875996,0.0265357398462325
"2610206C17Rik",20.7669241329682,-2.66132320796686,0.566484206467881,-4.69796541118177,2.62765916660272e-06,1.57918564665882e-05
"Prss23",270.55259566417,-2.0359112102667,0.125961278321848,-16.1629926068603,9.19856967261782e-59,1.47854463983232e-56
"Adm",102.490758152901,-3.1532956119585,0.211134814626437,-14.9349865276253,1.95113529459289e-50,2.39569605164562e-48
"Insc",39.3003371507041,2.20643979118923,0.313265032020438,7.04336445392118,1.87652544433806e-12,2.64584101924572e-11
"Tcerg1l",32.2979918682205,2.34426184885432,0.390140142679865,6.00876862542683,1.86937680766093e-09,1.78084328320328e-08
"Bnip3",1896.97252874212,-3.18731052341052,0.0813207258757676,-39.1943196409698,0,0
"Gpr123",8.27810519746639,4.67368297249965,1.31610937167839,3.55113569819769,0.000383572597271088,0.00146986282885785
"Muc6",4.54617526263013,5.79621617566555,1.33169614180027,4.3525065468988,1.34589851642955e-05,7.0992934573362e-05
"Kcnq1ot1",188.743709296313,2.18739481025095,0.197282131122542,11.0876479172473,1.44024928868817e-28,7.25499933712125e-27
"Rprl3",5.50778617903157,2.52315926154105,1.06982993063704,2.35846763049395,0.0183505601060206,0.0447279091859043
"Gm5607",1.81098483896913,4.15497759840327,1.61157212430955,2.57821386689932,0.00993125107064107,0.0263220581891778
"AF366264",5.36721367067239,2.30160148302588,0.831892303258018,2.76670606761465,0.00566257847359241,0.0161744830357976
"Dkk4",2.05464736294583,-3.54458897844278,1.47263147707251,-2.40697624193744,0.0160852162418097,0.0399329834837737
"Ankrd37",120.138567323716,-3.3395435135796,0.218221081138677,-15.3034871615239,7.24674887288498e-53,9.85613590934456e-51
"Asb5",7.25688285619422,-2.81642995771039,0.77033506867853,-3.65611027230245,0.0002560712360148,0.00101789467715326
"Trim60",4.74782153271632,2.278468263006,0.820553739089708,2.77674472062446,0.0054906284115024,0.0157392673384847
"Mef2b",69.6351857192207,-2.37418574498958,0.213527852233787,-11.1188574237619,1.01564328269653e-28,5.20509822648039e-27
"Mir7067",3.40838354707568,2.93767715072748,1.08241569113773,2.71400089150564,0.00664759873133138,0.0185593230962688
"Inpp4b",6.19695717334504,2.63362046128972,1.08537762117275,2.42645546574297,0.0152471215053549,0.0381631307101048
"Mylk3",2.14451348535284,3.60985487173571,1.52004239001894,2.37483829098393,0.0175566399293914,0.043006227568796
"Ccdc135",7.83621382159088,2.25721058904594,0.70224183559503,3.21429239135737,0.00130766439674435,0.00442334306463304
"Exoc3l",782.5733376147,2.7057896975873,0.19333508276343,13.9953373123603,1.66438121139641e-44,1.65325416846629e-42
"Nutf2",148.031806608312,2.03744139512436,0.177052968787943,11.507524607309,1.20898961163612e-30,6.94030692316175e-29
"Pkd1l3",5.29560669836244,2.57609140582087,0.866066150874588,2.97447418216199,0.00293491152246351,0.00907634751065976
"Osgin1",23.9275397559265,2.447652105242,0.410778898154942,5.95856339319254,2.54464937318503e-09,2.36924410570218e-08
"Mmp13",15.225697209497,2.27670044764805,0.634913967493409,3.58584086067013,0.000335993817894599,0.00130622398728989
"Mmp12",13.9083226863638,2.99129025753148,0.522873103434609,5.72087230703304,1.05978526420963e-08,9.08732456667822e-08
"Mmp10",38.6369885464118,2.19539168300622,0.371153103852285,5.91505677904817,3.31761117053163e-09,3.05196061946773e-08
"Ccdc67",6.08586842801398,4.05661771194721,0.978747891471329,4.14470135496179,3.40256861457916e-05,0.000164598674895688
"Barx2",10.8446579194609,-2.40199071478878,0.507975994939302,-4.72855162196354,2.26127136627426e-06,1.3763008270945e-05
"Fli1",8.24527635211393,-2.63913177534269,0.993809956580952,-2.65556986812872,0.00791745304191119,0.0215798500437848
"Olfr901",2.11996101437633,4.8037007884777,1.49165124580552,3.22039136291781,0.00128015702030403,0.0043444253888667
"Crabp1",601.236850545169,-2.10648751096972,0.294379679546575,-7.15568246495238,8.32576631769915e-13,1.22571085981048e-11
"Rasl12",6.43573655194673,-2.31829466634878,0.791018699236907,-2.93077100274017,0.00338121928702569,0.0102491579314077
"Car12",55.6947014919868,-2.15046801122521,0.275379786095019,-7.80909899640635,5.75982471920126e-15,1.06082771729372e-13
"Gm16551",3.09332761647553,3.97541734065832,1.4910429600852,2.66619906138128,0.00767142542890989,0.02097718419557
"E030011O05Rik",19.6359273052604,-2.05303762821291,0.424383227634256,-4.83769737945976,1.31351923042029e-06,8.35107282023055e-06
"Grm2",34.7808221255763,2.67949361938238,0.40212380531643,6.66335487717246,2.67646326257293e-11,3.2681316951348e-10
"Slc22a14",3.08540263118383,3.42865327093469,1.24534779537507,2.75316926216748,0.00590213724949556,0.0167451361855473
"Mobp",69.0225988698256,-2.22011986610701,0.332978950613537,-6.6674480834788,2.60289489531095e-11,3.18489859127978e-10
"Cck",5.47820655597036,2.88013392747918,0.987476884165699,2.91665959341676,0.00353801670216972,0.0106768515635881
"Cybb",17.5059982473002,2.55163456059308,0.556333778594374,4.58651740873978,4.50700837862619e-06,2.59402393041958e-05
"4930453H23Rik",2.77721784421258,5.36682402840518,1.4013946952449,3.82963061485493,0.000128335752251744,0.000546192539476509
"Rhox10",11.2589926036778,-2.29879580440705,0.540105310089808,-4.25619922904445,2.07931436059745e-05,0.000105523413345934
"Apln",31.8432014294426,-2.06342317312446,0.40717714127744,-5.06763018830298,4.02799001864477e-07,2.77981621856589e-06
"Xpnpep2",43.9476151755163,-2.4129362290166,0.247170714898758,-9.7622253914868,1.63526837496015e-22,5.68038902508259e-21
"Arhgap36",10.6858054236709,-3.95786107299461,1.10483331118682,-3.58231511751131,0.000340562632499814,0.00132311314111826
"Kis2",8.29861524330371,2.01709454324352,0.861804483463389,2.34054774829818,0.0192554760387687,0.0465676476325358
"Gm773",4.04939112946271,-2.40290527791984,0.955976201249203,-2.51356181752212,0.0119518829539266,0.0308949184953767
"Cdx4",43.0986444067279,2.91129871654932,0.612836348280236,4.75053205430636,2.02882130054131e-06,1.24467694014125e-05
"Tlr13",1.3006487760506,4.65589497887392,1.6524684127672,2.81753947179977,0.00483931659865468,0.0140869207739238
"Tex16",4.44435275860405,-2.91926532173081,1.04644458978982,-2.78969890065288,0.00527570799772592,0.0152020523317783
"Btk",3.11422802584125,3.644535190853,1.26616404160953,2.87840680281847,0.00399689359296557,0.0118831470686437
"D330045A20Rik",12.1839056197302,2.68527585767201,0.782433548962608,3.43195388443183,0.000599249447059151,0.00219138148365105
"Cldn2",11.7523851849418,2.15728414292976,0.553858442413565,3.89500994790094,9.81946996625701e-05,0.000428898341090391
"Phex",5.88833245885808,5.36162463571522,1.32844408702652,4.03601829243431,5.43659791960151e-05,0.000251766599833615
"Gpm6b",19.911018982647,-2.14824267251169,0.638905765234211,-3.36237797404158,0.000772742710546702,0.00275064358036634
